country_code,indicator_code,date,frequency,source_count,min_value,max_value,absolute_diff,relative_diff,status
DE,CPI_YOY_A,2015,A,2,0.514426137125456,0.697,0.1825738628745439,0.30141971892362507,warning
DE,CPI_YOY_A,2016,A,2,0.341,0.491747008445174,0.15074700844517397,0.36204755325782423,warning
DE,CPI_YOY_A,2020,A,2,0.144877925813981,0.365,0.22012207418601898,0.8634304920520377,warning
DE,CPI_YOY_A,2022,A,2,6.87257438551096,8.673,1.8004256144890398,0.23163191913540382,warning
GB,CPI_YOY_A,2015,A,2,0.04,0.36804684232536,0.32804684232536,1.607888155467155,warning
GB,CPI_YOY_A,2016,A,2,0.66,1.0084173681141,0.34841736811409996,0.4176621207293406,warning
GB,CPI_YOY_A,2020,A,2,0.851,0.989486703772491,0.13848670377249106,0.15048921949681185,warning
GB,CPI_YOY_A,2024,A,2,2.53,3.2715729463592,0.7415729463592,0.25564547863681597,warning
IN,CPI_YOY_A,2018,A,2,3.387,3.9388264669163,0.5518264669163,0.15065234466264482,warning
IN,CPI_YOY_A,2019,A,2,3.72950573539129,4.806,1.07649426460871,0.25223912864241327,warning
SA,CPI_YOY_A,2016,A,2,2.05347076823965,2.918,0.8645292317603501,0.3477961641787835,warning
SA,CPI_YOY_A,2019,A,2,-2.037,-1.19298644533328,0.84401355466672,0.522611205310883,warning
IN,CURRENT_ACCOUNT_GDP_A,2016,A,2,-0.634,-0.527880606037518,0.10611939396248204,0.18266832824483065,warning
IN,CURRENT_ACCOUNT_GDP_A,2017,A,2,-1.865,-1.43948820320988,0.4255117967901201,0.25753567307445113,warning
IN,CURRENT_ACCOUNT_GDP_A,2019,A,2,-1.04961203910072,-0.884,0.16561203910071998,0.17129810505083787,warning
IN,CURRENT_ACCOUNT_GDP_A,2020,A,2,0.919,1.22362111042791,0.30462111042790996,0.2843443564943436,warning
IN,CURRENT_ACCOUNT_GDP_A,2021,A,2,-1.254,-1.05524166809383,0.1987583319061701,0.17214164688985167,warning
IN,CURRENT_ACCOUNT_GDP_A,2023,A,2,-0.878262847208682,-0.744,0.13426284720868198,0.16552539243526287,warning
IN,CURRENT_ACCOUNT_GDP_A,2024,A,2,-0.818831370412112,-0.61,0.20883137041211197,0.2923107299245251,warning
TR,CURRENT_ACCOUNT_GDP_A,2024,A,2,-0.959,-0.766008235540632,0.19299176445936794,0.22375749922015034,warning
VN,CURRENT_ACCOUNT_GDP_A,2021,A,2,-2.202,-1.26284279203588,0.9391572079641199,0.5421066780419713,warning
IN,GDP_REAL_GROWTH_YOY_A,2023,A,2,7.21,9.19075493028345,1.9807549302834504,0.24154436045209748,warning
JP,GDP_REAL_GROWTH_YOY_A,2018,A,2,0.643391023533141,0.834,0.19060897646685893,0.25803456692328164,warning
JP,GDP_REAL_GROWTH_YOY_A,2019,A,2,-0.402169200894946,-0.308,0.09416920089494601,0.26520215401139674,warning
JP,GDP_REAL_GROWTH_YOY_A,2021,A,2,2.69657404187188,3.564,0.8674259581281198,0.2771074832201054,warning
JP,GDP_REAL_GROWTH_YOY_A,2022,A,2,0.941998775483285,1.332,0.39000122451671504,0.3430091772444595,warning
JP,GDP_REAL_GROWTH_YOY_A,2023,A,2,0.721,1.47503481053384,0.75403481053384,0.6867239143176784,warning
JP,GDP_REAL_GROWTH_YOY_A,2024,A,2,-0.242,0.104309021773304,0.346309021773304,2.0,warning
SA,GDP_REAL_GROWTH_YOY_A,2024,A,2,1.99650173436159,2.649,0.65249826563841,0.28091616490509386,warning
GB,GOV_DEBT_GDP_A,2015,A,2,87.34,147.063146778865,59.72314677886499,0.5095763226694867,warning
GB,GOV_DEBT_GDP_A,2016,A,2,87.251,155.581504971929,68.330504971929,0.5627788996355977,warning
GB,GOV_DEBT_GDP_A,2017,A,2,86.117,160.141177233502,74.02417723350199,0.6011916279499808,warning
GB,GOV_DEBT_GDP_A,2018,A,2,85.584,156.766820519267,71.18282051926698,0.5874361833539402,warning
GB,GOV_DEBT_GDP_A,2019,A,2,84.937,158.972569875821,74.035569875821,0.6070739242704902,warning
GB,GOV_DEBT_GDP_A,2020,A,2,104.787,194.682828796265,89.895828796265,0.600366515435669,warning
GB,GOV_DEBT_GDP_A,2021,A,2,103.447,183.804848939919,80.357848939919,0.5594940414585563,warning
GB,GOV_DEBT_GDP_A,2022,A,2,97.511,138.215904304967,40.704904304967016,0.3453564575073353,warning
GB,GOV_DEBT_GDP_A,2023,A,2,98.869,136.142431919028,37.27343191902801,0.3172052662686672,warning
GB,GOV_DEBT_GDP_A,2024,A,2,99.901,131.073062954793,31.17206295479299,0.2699182978038022,warning
IN,GOV_DEBT_GDP_A,2015,A,2,49.9647183856551,69.755,19.7902816143449,0.33061022663942696,warning
IN,GOV_DEBT_GDP_A,2016,A,2,47.6337555915272,69.815,22.1812444084728,0.37771782760502853,warning
IN,GOV_DEBT_GDP_A,2017,A,2,47.5836093800197,70.776,23.192390619980294,0.39189704564698247,warning
IN,GOV_DEBT_GDP_A,2018,A,2,46.5224986659322,71.683,25.16050133406781,0.4257077990115408,warning
MX,GOV_DEBT_GDP_A,2019,A,2,41.3273940627237,51.869,10.541605937276302,0.2262234723412478,warning
MX,GOV_DEBT_GDP_A,2020,A,2,45.8373464150183,58.456,12.6186535849817,0.2419838660611739,warning
MX,GOV_DEBT_GDP_A,2021,A,2,44.8609558065004,56.695,11.8340441934996,0.23305465641124173,warning
MX,GOV_DEBT_GDP_A,2022,A,2,43.9694401566719,53.803,9.833559843328096,0.20115197754235578,warning
MX,GOV_DEBT_GDP_A,2023,A,2,45.055380246523,52.753,7.6976197534769994,0.1574020494782837,warning
MX,GOV_DEBT_GDP_A,2024,A,2,49.5702123720928,59.135,9.5647876279072,0.17597661453744068,warning
TR,GOV_DEBT_GDP_A,2022,A,2,29.433,35.3300843740665,5.897084374066502,0.1821125238571222,warning
TR,GOV_DEBT_GDP_A,2023,A,2,28.241,33.2548360254558,5.013836025455802,0.1630626185285247,warning
ZA,GOV_DEBT_GDP_A,2015,A,2,45.195,52.6511572360833,7.4561572360833,0.152405724388196,warning
ID,UNEMPLOYMENT_RATE_A,2015,A,2,4.514,6.18,1.6659999999999995,0.31157658500093505,warning
ID,UNEMPLOYMENT_RATE_A,2016,A,2,4.301,5.61,1.3090000000000002,0.2641509433962264,warning
ID,UNEMPLOYMENT_RATE_A,2017,A,2,3.783,5.5,1.717,0.3699235161047076,warning
ID,UNEMPLOYMENT_RATE_A,2018,A,2,4.387,5.34,0.9530000000000003,0.19594941914259284,warning
ID,UNEMPLOYMENT_RATE_A,2019,A,2,3.59,5.28,1.6900000000000004,0.38105975197294256,warning
ID,UNEMPLOYMENT_RATE_A,2020,A,2,4.255,7.07,2.8150000000000004,0.49713024282560714,warning
ID,UNEMPLOYMENT_RATE_A,2021,A,2,3.827,6.49,2.6630000000000003,0.5162353397305419,warning
ID,UNEMPLOYMENT_RATE_A,2022,A,2,3.462,5.86,2.398,0.5144818708431667,warning
ID,UNEMPLOYMENT_RATE_A,2023,A,2,3.308,5.32,2.0120000000000005,0.4663885025498378,warning
ID,UNEMPLOYMENT_RATE_A,2024,A,2,3.301,4.91,1.609,0.391913287053952,warning
ID,UNEMPLOYMENT_RATE_A,2025,A,2,3.237,4.85,1.6129999999999995,0.398911833807345,warning
IN,UNEMPLOYMENT_RATE_A,2018,A,2,7.652,8.901,1.2489999999999997,0.15090920074910888,warning
IN,UNEMPLOYMENT_RATE_A,2023,A,2,4.172,4.939,0.7670000000000003,0.16836790692569428,warning
IN,UNEMPLOYMENT_RATE_A,2024,A,2,4.173,4.939,0.766,0.1681299385425812,warning
IN,UNEMPLOYMENT_RATE_A,2025,A,2,4.219,4.939,0.7199999999999998,0.15723957195894292,warning
VN,UNEMPLOYMENT_RATE_A,2015,A,2,1.848,2.33,0.482,0.23073240785064625,warning
VN,UNEMPLOYMENT_RATE_A,2016,A,2,1.848,2.3,0.45199999999999974,0.21793635486981666,warning
VN,UNEMPLOYMENT_RATE_A,2017,A,2,1.874,2.24,0.3660000000000001,0.17792902284880896,warning
VN,UNEMPLOYMENT_RATE_A,2018,A,2,1.161,2.19,1.029,0.6141450313339302,warning
VN,UNEMPLOYMENT_RATE_A,2019,A,2,1.681,2.17,0.4889999999999999,0.2539600103869124,warning
VN,UNEMPLOYMENT_RATE_A,2020,A,2,2.103,2.48,0.3769999999999998,0.16452105607680548,warning
VN,UNEMPLOYMENT_RATE_A,2021,A,2,2.383,3.2,0.8170000000000002,0.29267418950385105,warning
VN,UNEMPLOYMENT_RATE_A,2022,A,2,1.57,2.32,0.7499999999999998,0.38560411311053977,warning
VN,UNEMPLOYMENT_RATE_A,2023,A,2,1.645,2.3,0.6549999999999998,0.33206590621039284,warning
VN,UNEMPLOYMENT_RATE_A,2024,A,2,1.602,2.2,0.5980000000000001,0.3145712782745923,warning
VN,UNEMPLOYMENT_RATE_A,2025,A,2,1.523,2.2,0.6770000000000003,0.3636852001074404,warning
AR,CPI_YOY_A,2018,A,2,34.277,34.2772237131003,0.00022371310029711822,6.5266029773266324e-06,ok
AR,CPI_YOY_A,2019,A,2,53.548,53.5483043492339,0.0003043492339003251,5.683655206399327e-06,ok
AR,CPI_YOY_A,2020,A,2,42.015,42.0150947376509,9.473765089751396e-05,2.2548505078637114e-06,ok
AR,CPI_YOY_A,2021,A,2,48.409,48.4093786255199,0.0003786255199003108,7.821356343195582e-06,ok
AR,CPI_YOY_A,2022,A,2,72.430757531824,72.431,0.00024246817599760107,3.3475802051391565e-06,ok
AR,CPI_YOY_A,2023,A,2,133.488935594175,133.489,6.440582501454628e-05,4.824805081454192e-07,ok
AR,CPI_YOY_A,2024,A,2,219.883929014578,219.885,0.0010709854219896897,4.870673443844812e-06,ok
BR,CPI_YOY_A,2015,A,2,9.02990102416136,9.03,9.897583863960335e-05,1.0960839542496824e-05,ok
BR,CPI_YOY_A,2016,A,2,8.73914352329393,8.74,0.0008564767060708078,9.799984821103015e-05,ok
BR,CPI_YOY_A,2017,A,2,3.446,3.44637335032669,0.0003733503266896143,0.00010833723239090581,ok
BR,CPI_YOY_A,2018,A,2,3.66485028376728,3.665,0.0001497162327201984,4.08511025257257e-05,ok
BR,CPI_YOY_A,2019,A,2,3.73297621216893,3.733,2.3787831070265497e-05,6.3723297246764005e-06,ok
BR,CPI_YOY_A,2020,A,2,3.21176803803376,3.212,0.00023196196624031273,7.221990734002704e-05,ok
BR,CPI_YOY_A,2021,A,2,8.30165975585673,8.302,0.00034024414326871977,4.098423459306349e-05,ok
BR,CPI_YOY_A,2022,A,2,9.28,9.28010608956872,0.00010608956872104613,1.1432000249251952e-05,ok
BR,CPI_YOY_A,2023,A,2,4.59356282283203,4.594,0.00043717716796987105,9.516716813809232e-05,ok
BR,CPI_YOY_A,2024,A,2,4.367,4.36746407652336,0.00046407652336011296,0.00010626330803911958,ok
CN,CPI_YOY_A,2015,A,2,1.43702380935654,1.442,0.004976190643459999,0.0034568596670078765,ok
CN,CPI_YOY_A,2016,A,2,1.996,2.00000182191943,0.004001821919429993,0.0020029129603888756,ok
CN,CPI_YOY_A,2017,A,2,1.579,1.59313600071435,0.014136000714350061,0.008912606969667568,ok
CN,CPI_YOY_A,2018,A,2,2.07479039965576,2.092,0.017209600344239906,0.008260362866181932,ok
CN,CPI_YOY_A,2019,A,2,2.89923416358226,2.905,0.005765836417739756,0.0019867690569469357,ok
CN,CPI_YOY_A,2020,A,2,2.41942189457782,2.49,0.07057810542218013,0.028752104397517627,ok
CN,CPI_YOY_A,2021,A,2,0.919,0.981015135544881,0.06201513554488092,0.0652785700331765,ok
CN,CPI_YOY_A,2022,A,2,1.9735755573905,1.976,0.0024244426094999216,0.0012276977990524937,ok
CN,CPI_YOY_A,2023,A,2,0.228,0.23483682889305,0.006836828893049984,0.029543149837066247,ok
CN,CPI_YOY_A,2024,A,2,0.212,0.218128938439177,0.006128938439177001,0.028498145051189912,ok
DE,CPI_YOY_A,2017,A,2,1.50949485109628,1.731,0.22150514890372008,0.13671069332437513,ok
DE,CPI_YOY_A,2018,A,2,1.73216879766941,1.884,0.1518312023305899,0.08397351496890511,ok
DE,CPI_YOY_A,2019,A,2,1.395,1.44565976888253,0.050659768882529876,0.03566760753080868,ok
DE,CPI_YOY_A,2021,A,2,3.06666666666673,3.219,0.15233333333326993,0.04847006416713212,ok
DE,CPI_YOY_A,2023,A,2,5.94643667725823,5.999,0.05256332274176945,0.008800569483046144,ok
DE,CPI_YOY_A,2024,A,2,2.2564981433876,2.481,0.22450185661239974,0.09477654653047198,ok
GB,CPI_YOY_A,2017,A,2,2.55775577557747,2.683,0.1252442244225298,0.04779624534544518,ok
GB,CPI_YOY_A,2018,A,2,2.29283990345938,2.478,0.18516009654062016,0.0776215929636871,ok
GB,CPI_YOY_A,2019,A,2,1.73810460086513,1.791,0.05289539913486996,0.029976668371860162,ok
GB,CPI_YOY_A,2021,A,2,2.51837109614213,2.588,0.06962890385787013,0.02727138413832667,ok
GB,CPI_YOY_A,2022,A,2,7.92204883147902,9.067,1.1449511685209801,0.13478696540085272,ok
GB,CPI_YOY_A,2023,A,2,6.79396706793963,7.303,0.5090329320603697,0.0722187871486272,ok
ID,CPI_YOY_A,2015,A,2,6.36,6.36312061196646,0.003120611966459741,0.0004905419136755987,ok
ID,CPI_YOY_A,2016,A,2,3.52580452815451,3.53,0.004195471845489962,0.001189225644998789,ok
ID,CPI_YOY_A,2017,A,2,3.807,3.80879857691949,0.0017985769194899248,0.0004723278593372227,ok
ID,CPI_YOY_A,2018,A,2,3.19834755924996,3.291,0.09265244075003976,0.02855524069379589,ok
ID,CPI_YOY_A,2019,A,2,2.822,3.03058460941661,0.20858460941660972,0.07127948533405366,ok
ID,CPI_YOY_A,2020,A,2,1.91983527270793,2.031,0.11116472729207016,0.05627403807999167,ok
ID,CPI_YOY_A,2021,A,2,1.56007882983334,1.561,0.0009211701666600458,0.0005902895869562095,ok
ID,CPI_YOY_A,2022,A,2,4.139,4.20946463714784,0.07046463714783968,0.016880861382414177,ok
ID,CPI_YOY_A,2023,A,2,3.66938654859761,3.713,0.04361345140239026,0.011815542606794344,ok
ID,CPI_YOY_A,2024,A,2,2.18151273615189,2.3,0.11848726384811004,0.05287824483562695,ok
IN,CPI_YOY_A,2015,A,2,4.885,4.90697344127256,0.021973441272559846,0.004488051648494706,ok
IN,CPI_YOY_A,2016,A,2,4.518,4.94821634062141,0.4302163406214099,0.09089510003595974,ok
IN,CPI_YOY_A,2017,A,2,3.32817337461298,3.606,0.2778266253870201,0.0801325869365147,ok
IN,CPI_YOY_A,2020,A,2,6.154,6.62343677628535,0.46943677628534974,0.07347902157600411,ok
IN,CPI_YOY_A,2021,A,2,5.13140747176369,5.512,0.38059252823630985,0.07151704550370708,ok
IN,CPI_YOY_A,2022,A,2,6.634,6.69903414079852,0.06503414079851932,0.009755340024146133,ok
IN,CPI_YOY_A,2023,A,2,5.37,5.64914318907925,0.2791431890792495,0.05066513508162779,ok
IN,CPI_YOY_A,2024,A,2,4.639,4.95303550973656,0.31403550973656014,0.06547838765146208,ok
JP,CPI_YOY_A,2015,A,2,0.795279630579839,0.799,0.0037203694201610737,0.004667147906553854,ok
JP,CPI_YOY_A,2016,A,2,-0.127258844489754,-0.124,0.003258844489753998,0.02594013752130337,ok
JP,CPI_YOY_A,2017,A,2,0.484199796126385,0.486,0.0018002038736150139,0.003710996190274414,ok
JP,CPI_YOY_A,2018,A,2,0.989,0.989094598021848,9.459802184796917e-05,9.564559950021595e-05,ok
JP,CPI_YOY_A,2019,A,2,0.468,0.46877615938395,0.0007761593839499814,0.0016570861164110012,ok
JP,CPI_YOY_A,2020,A,2,-0.027,-0.024995834027731,0.002004165972269,0.0770894826381712,ok
JP,CPI_YOY_A,2021,A,2,-0.235,-0.233352779398264,0.0016472206017359992,0.00703410195986169,ok
JP,CPI_YOY_A,2022,A,2,2.496,2.49770278172255,0.0017027817225501174,0.0006819715938171043,ok
JP,CPI_YOY_A,2023,A,2,3.268,3.26813365933163,0.00013365933163012045,4.089859191887705e-05,ok
JP,CPI_YOY_A,2024,A,2,2.73853681635241,2.739,0.00046318364758990427,0.0001691211444557105,ok
MX,CPI_YOY_A,2015,A,2,2.719,2.72064064964023,0.0016406496402301407,0.0006032198617159208,ok
MX,CPI_YOY_A,2016,A,2,2.82,2.8217078474766,0.0017078474766001328,0.0006054363404741038,ok
MX,CPI_YOY_A,2017,A,2,6.04145724018986,6.042,0.0005427598101395148,8.983518530347143e-05,ok
MX,CPI_YOY_A,2018,A,2,4.897,4.89935015356551,0.002350153565509494,0.0004798018708333175,ok
MX,CPI_YOY_A,2019,A,2,3.635,3.63596142127046,0.0009614212704600611,0.00026445506027511593,ok
MX,CPI_YOY_A,2020,A,2,3.39683415570006,3.397,0.00016584429993971028,4.8822004228809774e-05,ok
MX,CPI_YOY_A,2021,A,2,5.68920847683753,5.691,0.001791523162469666,0.00031484891794662724,ok
MX,CPI_YOY_A,2022,A,2,7.896,7.8962761916855,0.0002761916854998603,3.497807183049051e-05,ok
MX,CPI_YOY_A,2023,A,2,5.526,5.52796087314389,0.0019608731438900406,0.00035478199468827015,ok
MX,CPI_YOY_A,2024,A,2,4.72225588452932,4.723,0.0007441154706802067,0.00015756385634803534,ok
SA,CPI_YOY_A,2015,A,2,1.183,1.22269318552328,0.03969318552328005,0.03299937478489892,ok
SA,CPI_YOY_A,2017,A,2,-0.859,-0.834845735027162,0.024154264972838013,0.028520029272265084,ok
SA,CPI_YOY_A,2018,A,2,2.46594308994843,2.471,0.005056910051570274,0.0020485996939547855,ok
SA,CPI_YOY_A,2020,A,2,3.189,3.37234961012303,0.18334961012303008,0.055887773405688755,ok
SA,CPI_YOY_A,2021,A,2,3.06328988941548,3.128,0.06471011058452003,0.0209035957741689,ok
SA,CPI_YOY_A,2022,A,2,2.47407371925372,2.546,0.07192628074627994,0.028655467934830425,ok
SA,CPI_YOY_A,2023,A,2,2.32708518362706,2.474,0.14691481637294013,0.06120067057920887,ok
SA,CPI_YOY_A,2024,A,2,1.501,1.68792112375809,0.1869211237580901,0.11723157551028213,ok
TR,CPI_YOY_A,2015,A,2,7.661,7.67085364845885,0.009853648458850728,0.001285382535573735,ok
TR,CPI_YOY_A,2016,A,2,7.7751341532833,7.778,0.0028658467166993162,0.0003685233713610488,ok
TR,CPI_YOY_A,2017,A,2,11.1443110840764,11.165,0.020688915923599893,0.0018547337338773238,ok
TR,CPI_YOY_A,2018,A,2,16.314,16.3324638988929,0.018463898892900232,0.0011311423466923395,ok
TR,CPI_YOY_A,2019,A,2,15.1768215720022,15.18,0.003178427997799105,0.00020940453138417744,ok
TR,CPI_YOY_A,2020,A,2,12.272,12.2789574462574,0.006957446257398914,0.0005667759615997804,ok
TR,CPI_YOY_A,2021,A,2,19.5964926913324,19.608,0.011507308667599858,0.0005870403047018115,ok
TR,CPI_YOY_A,2022,A,2,72.3,72.3088359891207,0.008835989120697718,0.00012220538337453284,ok
TR,CPI_YOY_A,2023,A,2,53.858,53.8594087593315,0.0014087593315039726,2.6156576689502523e-05,ok
TR,CPI_YOY_A,2024,A,2,58.505,58.5064507300342,0.001450730034200376,2.4796377194698027e-05,ok
US,CPI_YOY_A,2015,A,2,0.118627135552451,0.121,0.002372864447549,0.019804638920199534,ok
US,CPI_YOY_A,2016,A,2,1.26158320570536,1.267,0.005416794294639926,0.004284450108201116,ok
US,CPI_YOY_A,2017,A,2,2.13011000365961,2.131,0.0008899963403896649,0.00041772981200921864,ok
US,CPI_YOY_A,2018,A,2,2.439,2.44258329692817,0.0035832969281699434,0.0014680879994098644,ok
US,CPI_YOY_A,2019,A,2,1.81221007526021,1.813,0.0007899247397900044,0.0004357952909712717,ok
US,CPI_YOY_A,2020,A,2,1.23358439630629,1.253,0.01941560369370987,0.015616283704306103,ok
US,CPI_YOY_A,2021,A,2,4.681,4.69785886363742,0.016858863637420285,0.0035950777983840736,ok
US,CPI_YOY_A,2022,A,2,7.991,8.00279982052121,0.01179982052120998,0.001475549357078979,ok
US,CPI_YOY_A,2023,A,2,4.11633838374488,4.127,0.010661616255119633,0.002586722941313043,ok
US,CPI_YOY_A,2024,A,2,2.94952520485207,2.952,0.002474795147930031,0.0008386967985480511,ok
VN,CPI_YOY_A,2015,A,2,0.631,0.631200905175754,0.0002009051757539959,0.00031834104211170896,ok
VN,CPI_YOY_A,2016,A,2,2.668,2.66824816969082,0.000248169690819644,9.301279960299255e-05,ok
VN,CPI_YOY_A,2017,A,2,3.52025688811617,3.521,0.0007431118838296946,0.00021107364654849515,ok
VN,CPI_YOY_A,2018,A,2,3.53962805942641,3.54,0.00037194057359002386,0.00010507347856919998,ok
VN,CPI_YOY_A,2019,A,2,2.7958236745225,2.796,0.00017632547749979466,6.306546406431584e-05,ok
VN,CPI_YOY_A,2020,A,2,3.22093436652514,3.221,6.563347485988302e-05,2.0376946154850854e-05,ok
VN,CPI_YOY_A,2021,A,2,1.83471554810444,1.835,0.0002844518955600339,0.00015502667268418941,ok
VN,CPI_YOY_A,2022,A,2,3.15650749963129,3.157,0.0004925003687099583,0.00015601482020532022,ok
VN,CPI_YOY_A,2023,A,2,3.25289282667662,3.253,0.00010717332337994989,3.294653823392195e-05,ok
VN,CPI_YOY_A,2024,A,2,3.621,3.62109273885843,9.273885842997487e-05,2.5611066241218358e-05,ok
ZA,CPI_YOY_A,2015,A,2,4.51869094892506,4.589,0.07030905107494068,0.015439489870533854,ok
ZA,CPI_YOY_A,2016,A,2,6.32,6.60290842394872,0.2829084239487196,0.043784017446789926,ok
ZA,CPI_YOY_A,2017,A,2,5.18618655524149,5.294,0.10781344475850929,0.02057471862551687,ok
ZA,CPI_YOY_A,2018,A,2,4.50987264867388,4.596,0.08612735132612048,0.018916880270374418,ok
ZA,CPI_YOY_A,2019,A,2,4.10285075461156,4.115,0.0121492453884402,0.0029567938749976647,ok
ZA,CPI_YOY_A,2020,A,2,3.23238831615113,3.288,0.05561168384886983,0.017057782804474574,ok
ZA,CPI_YOY_A,2021,A,2,4.553,4.61874544887136,0.06574544887136025,0.014336518438690563,ok
ZA,CPI_YOY_A,2022,A,2,6.864,7.03987272546482,0.1758727254648198,0.025298379658310662,ok
ZA,CPI_YOY_A,2023,A,2,5.903,6.0752438457966,0.17224384579660068,0.028759448883159015,ok
ZA,CPI_YOY_A,2024,A,2,4.36115246518962,4.426,0.0648475348103803,0.014759624364610575,ok
AR,CURRENT_ACCOUNT_GDP_A,2015,A,2,-2.96292666513533,-2.743,0.21992666513533,0.07708709839512594,ok
AR,CURRENT_ACCOUNT_GDP_A,2016,A,2,-2.713,-2.70922168361454,0.003778316385460112,0.001393641428154013,ok
AR,CURRENT_ACCOUNT_GDP_A,2017,A,2,-4.8399592180739,-4.838,0.001959218073899649,0.00040488248188538475,ok
AR,CURRENT_ACCOUNT_GDP_A,2018,A,2,-5.164,-5.16055257152295,0.0034474284770498187,0.0006678116951156745,ok
AR,CURRENT_ACCOUNT_GDP_A,2019,A,2,-0.781,-0.779998447561847,0.0010015524381530305,0.0012832202872685417,ok
AR,CURRENT_ACCOUNT_GDP_A,2020,A,2,0.696935361136029,0.698,0.0010646388639709015,0.0015264346917177073,ok
AR,CURRENT_ACCOUNT_GDP_A,2021,A,2,1.36154422203441,1.363,0.0014557779655899328,0.0010686396306703416,ok
AR,CURRENT_ACCOUNT_GDP_A,2022,A,2,-0.626,-0.62525456692328,0.0007454330767200368,0.0011914970724989852,ok
AR,CURRENT_ACCOUNT_GDP_A,2023,A,2,-3.198,-3.1951463789585,0.0028536210414999985,0.0008927125619685494,ok
AR,CURRENT_ACCOUNT_GDP_A,2024,A,2,0.893118418089374,0.894,0.0008815819106260392,0.0009865959655527999,ok
BR,CURRENT_ACCOUNT_GDP_A,2015,A,2,-3.523,-3.5183920728161,0.004607927183900351,0.001308811421448793,ok
BR,CURRENT_ACCOUNT_GDP_A,2016,A,2,-1.70011360207642,-1.699,0.0011136020764199728,0.0006552308670941186,ok
BR,CURRENT_ACCOUNT_GDP_A,2017,A,2,-1.22429942889483,-1.224,0.00029942889482992285,0.0002446015314107932,ok
BR,CURRENT_ACCOUNT_GDP_A,2018,A,2,-2.808,-2.80752036371843,0.00047963628156999505,0.00017082523096840637,ok
BR,CURRENT_ACCOUNT_GDP_A,2019,A,2,-3.41429111497121,-3.414,0.000291114971209705,8.526729933099298e-05,ok
BR,CURRENT_ACCOUNT_GDP_A,2020,A,2,-1.64103535066212,-1.641,3.535066212001503e-05,2.1541914295885545e-05,ok
BR,CURRENT_ACCOUNT_GDP_A,2021,A,2,-2.35822088025659,-2.358,0.00022088025658995036,9.366832563530535e-05,ok
BR,CURRENT_ACCOUNT_GDP_A,2022,A,2,-2.15,-2.14967710619443,0.0003228938055697128,0.00015019444371975203,ok
BR,CURRENT_ACCOUNT_GDP_A,2023,A,2,-1.236,-1.23558182662996,0.0004181733700399093,0.0003383852118787385,ok
BR,CURRENT_ACCOUNT_GDP_A,2024,A,2,-3.02715961462093,-3.027,0.00015961462092972667,5.27289107291634e-05,ok
CN,CURRENT_ACCOUNT_GDP_A,2015,A,2,2.592,2.59752794949746,0.00552794949746005,0.0021304247905612923,ok
CN,CURRENT_ACCOUNT_GDP_A,2016,A,2,1.67018709565351,1.671,0.000812904346489951,0.0004865961248009389,ok
CN,CURRENT_ACCOUNT_GDP_A,2017,A,2,1.50488723669315,1.507,0.002112763306849841,0.0014029498057633214,ok
CN,CURRENT_ACCOUNT_GDP_A,2018,A,2,0.170563391928727,0.171,0.00043660807127302026,0.0025565273187363475,ok
CN,CURRENT_ACCOUNT_GDP_A,2019,A,2,0.705,0.706790487310518,0.0017904873105180075,0.002536477369144075,ok
CN,CURRENT_ACCOUNT_GDP_A,2020,A,2,1.647,1.65930095801393,0.012300958013929941,0.007440918518995945,ok
CN,CURRENT_ACCOUNT_GDP_A,2021,A,2,1.93875176197337,1.941,0.0022482380266299895,0.0011589597296742826,ok
CN,CURRENT_ACCOUNT_GDP_A,2022,A,2,2.418,2.42059259149418,0.0025925914941797856,0.0010716304153142934,ok
CN,CURRENT_ACCOUNT_GDP_A,2023,A,2,1.434,1.4415829879426,0.00758298794260015,0.0052740525830037455,ok
CN,CURRENT_ACCOUNT_GDP_A,2024,A,2,2.238,2.2616499482671,0.023649948267100207,0.010511905832234015,ok
DE,CURRENT_ACCOUNT_GDP_A,2015,A,2,8.09671429040111,8.101,0.004285709598891074,0.0005291746134120687,ok
DE,CURRENT_ACCOUNT_GDP_A,2016,A,2,8.9023603683727,8.909,0.006639631627301412,0.0007455501982983043,ok
DE,CURRENT_ACCOUNT_GDP_A,2017,A,2,8.062,8.07873526112888,0.016735261128880907,0.0020736677552953614,ok
DE,CURRENT_ACCOUNT_GDP_A,2018,A,2,8.421,8.43761219902204,0.01661219902204003,0.0019707670863920454,ok
DE,CURRENT_ACCOUNT_GDP_A,2019,A,2,7.873,7.87471222403171,0.001712224031710008,0.0002174568606984166,ok
DE,CURRENT_ACCOUNT_GDP_A,2020,A,2,6.318,6.34782686016016,0.029826860160160784,0.004709816499068048,ok
DE,CURRENT_ACCOUNT_GDP_A,2021,A,2,6.909,6.9200696637534,0.011069663753399794,0.0016009267467086193,ok
DE,CURRENT_ACCOUNT_GDP_A,2022,A,2,3.811,3.85045627175846,0.039456271758460115,0.010299940470561243,ok
DE,CURRENT_ACCOUNT_GDP_A,2023,A,2,5.51222510245724,5.517,0.004774897542760392,0.0008658627416529156,ok
DE,CURRENT_ACCOUNT_GDP_A,2024,A,2,5.809,5.81156126321154,0.0025612632115397105,0.00044081574951946196,ok
GB,CURRENT_ACCOUNT_GDP_A,2015,A,2,-4.91700489264854,-4.782,0.13500489264854032,0.027838916289416177,ok
GB,CURRENT_ACCOUNT_GDP_A,2016,A,2,-5.46283821927875,-5.245,0.21783821927875024,0.04068761869908476,ok
GB,CURRENT_ACCOUNT_GDP_A,2017,A,2,-3.47326460218152,-3.379,0.09426460218152011,0.02751341568202418,ok
GB,CURRENT_ACCOUNT_GDP_A,2018,A,2,-3.88728858372976,-3.723,0.16428858372976007,0.043175388665548646,ok
GB,CURRENT_ACCOUNT_GDP_A,2019,A,2,-2.66245642145608,-2.479,0.18345642145607988,0.07136360066789181,ok
GB,CURRENT_ACCOUNT_GDP_A,2020,A,2,-2.92883387550298,-2.72,0.20883387550297972,0.07393875624794678,ok
GB,CURRENT_ACCOUNT_GDP_A,2021,A,2,-0.756,-0.752836357784011,0.003163642215988971,0.004193486191750219,ok
GB,CURRENT_ACCOUNT_GDP_A,2022,A,2,-2.06737101121871,-1.916,0.1513710112187101,0.07600146247607412,ok
GB,CURRENT_ACCOUNT_GDP_A,2023,A,2,-3.57676183842871,-3.57,0.006761838428710032,0.0018922803310307856,ok
GB,CURRENT_ACCOUNT_GDP_A,2024,A,2,-2.98180220382834,-2.978,0.003802203828339845,0.0012759496702415595,ok
ID,CURRENT_ACCOUNT_GDP_A,2015,A,2,-2.03504192745968,-2.035,4.192745967968037e-05,2.0602962046560254e-05,ok
ID,CURRENT_ACCOUNT_GDP_A,2016,A,2,-1.81915089251384,-1.819,0.00015089251384003965,8.295011300962176e-05,ok
ID,CURRENT_ACCOUNT_GDP_A,2017,A,2,-1.595,-1.59465689989364,0.0003431001063600725,0.000215132923150144,ok
ID,CURRENT_ACCOUNT_GDP_A,2018,A,2,-2.93907291477017,-2.939,7.291477017012937e-05,2.4809073050765414e-05,ok
ID,CURRENT_ACCOUNT_GDP_A,2019,A,2,-2.706,-2.7056619813955,0.0003380186044998901,0.00012492229029157712,ok
ID,CURRENT_ACCOUNT_GDP_A,2020,A,2,-0.419,-0.418606247736126,0.0003937522638740032,0.0009401846391146986,ok
ID,CURRENT_ACCOUNT_GDP_A,2021,A,2,0.295885914526078,0.296,0.00011408547392199875,0.0003854981884924455,ok
ID,CURRENT_ACCOUNT_GDP_A,2022,A,2,1.00182875104005,1.002,0.00017124895994991007,0.00017092175153293561,ok
ID,CURRENT_ACCOUNT_GDP_A,2023,A,2,-0.149,-0.148899338519633,0.00010066148036699807,0.0006758086867008199,ok
ID,CURRENT_ACCOUNT_GDP_A,2024,A,2,-0.615,-0.614730822956647,0.0002691770433529417,0.00043778205494720895,ok
IN,CURRENT_ACCOUNT_GDP_A,2015,A,2,-1.06754907167964,-1.061,0.006549071679640139,0.0061535548010384945,ok
IN,CURRENT_ACCOUNT_GDP_A,2018,A,2,-2.42697545810527,-2.155,0.27197545810527,0.11871537095387973,ok
IN,CURRENT_ACCOUNT_GDP_A,2022,A,2,-2.36247481487452,-2.061,0.3014748148745201,0.1363067848202825,ok
JP,CURRENT_ACCOUNT_GDP_A,2015,A,2,3.009,3.07027965906978,0.061279659069779946,0.020160171107889664,ok
JP,CURRENT_ACCOUNT_GDP_A,2016,A,2,3.87,3.93809128404803,0.06809128404802989,0.0174412110645122,ok
JP,CURRENT_ACCOUNT_GDP_A,2017,A,2,4.04,4.12036966283799,0.08036966283798996,0.0196975544389834,ok
JP,CURRENT_ACCOUNT_GDP_A,2018,A,2,3.45,3.51661817468288,0.06661817468287978,0.01912496795790369,ok
JP,CURRENT_ACCOUNT_GDP_A,2019,A,2,3.362,3.45076611445327,0.0887661144532701,0.026058758795477494,ok
JP,CURRENT_ACCOUNT_GDP_A,2020,A,2,2.889,2.96847858242383,0.07947858242382999,0.02713747265327317,ok
JP,CURRENT_ACCOUNT_GDP_A,2021,A,2,3.754,3.89996604353178,0.14596604353178,0.038141283277610856,ok
JP,CURRENT_ACCOUNT_GDP_A,2022,A,2,2.021,2.11637961936876,0.09537961936876016,0.04610629342410317,ok
JP,CURRENT_ACCOUNT_GDP_A,2023,A,2,3.563,3.72552370226115,0.16252370226114987,0.04459715270205664,ok
JP,CURRENT_ACCOUNT_GDP_A,2024,A,2,4.515,4.71136516065292,0.19636516065292042,0.0425660934146301,ok
MX,CURRENT_ACCOUNT_GDP_A,2015,A,2,-2.59917628210589,-2.599,0.00017628210588993554,6.78245970598442e-05,ok
MX,CURRENT_ACCOUNT_GDP_A,2016,A,2,-2.27311198277187,-2.273,0.00011198277187007832,4.9265294077423854e-05,ok
MX,CURRENT_ACCOUNT_GDP_A,2017,A,2,-1.79746290774801,-1.797,0.0004629077480100552,0.00025756713027264174,ok
MX,CURRENT_ACCOUNT_GDP_A,2018,A,2,-2.06414074457574,-2.064,0.00014074457573975963,6.818787655178376e-05,ok
MX,CURRENT_ACCOUNT_GDP_A,2019,A,2,-0.297,-0.296844402044544,0.00015559795545599941,0.0005240361108744715,ok
MX,CURRENT_ACCOUNT_GDP_A,2020,A,2,2.397,2.39710320533218,0.0001032053321803339,4.305511490263501e-05,ok
MX,CURRENT_ACCOUNT_GDP_A,2021,A,2,-0.341,-0.340708629776388,0.0002913702236120308,0.0008548233391371477,ok
MX,CURRENT_ACCOUNT_GDP_A,2022,A,2,-1.27426718186171,-1.274,0.00026718186170993086,0.0002096968980424835,ok
MX,CURRENT_ACCOUNT_GDP_A,2023,A,2,-0.699,-0.697558185892173,0.0014418141078269553,0.0020648106500566195,ok
MX,CURRENT_ACCOUNT_GDP_A,2024,A,2,-0.912,-0.899378006983485,0.01262199301651501,0.013936343455482938,ok
SA,CURRENT_ACCOUNT_GDP_A,2015,A,2,-7.93818281494483,-7.938,0.00018281494483041172,2.3030088146669784e-05,ok
SA,CURRENT_ACCOUNT_GDP_A,2016,A,2,-3.913,-3.91268584311643,0.00031415688356961624,8.028865197698999e-05,ok
SA,CURRENT_ACCOUNT_GDP_A,2017,A,2,1.225,1.2254608961689,0.0004608961688998825,0.00037617100490806187,ok
SA,CURRENT_ACCOUNT_GDP_A,2018,A,2,7.89890750977747,7.899,9.249022252966199e-05,1.1709173822219043e-05,ok
SA,CURRENT_ACCOUNT_GDP_A,2019,A,2,3.64484004485363,3.645,0.00015995514637001662,4.388440497619404e-05,ok
SA,CURRENT_ACCOUNT_GDP_A,2020,A,2,-4.521,-4.51692116727614,0.004078832723860337,0.00090260418261418,ok
SA,CURRENT_ACCOUNT_GDP_A,2021,A,2,4.56976271965319,4.57,0.00023728034681003152,5.1922649217098086e-05,ok
SA,CURRENT_ACCOUNT_GDP_A,2022,A,2,11.729,11.7294510759776,0.00045107597760107865,3.8457439166816826e-05,ok
SA,CURRENT_ACCOUNT_GDP_A,2023,A,2,2.129,2.12936776093395,0.00036776093394985665,0.00017272389544354378,ok
SA,CURRENT_ACCOUNT_GDP_A,2024,A,2,-1.31101792310022,-1.296,0.015017923100219877,0.011521150635098685,ok
TR,CURRENT_ACCOUNT_GDP_A,2015,A,2,-2.46735825450658,-2.459,0.00835825450658012,0.003393279203327967,ok
TR,CURRENT_ACCOUNT_GDP_A,2016,A,2,-2.547,-2.54530792537505,0.001692074624950024,0.0006645610005311697,ok
TR,CURRENT_ACCOUNT_GDP_A,2017,A,2,-4.068,-4.06783613710293,0.00016386289706993296,4.02817594426828e-05,ok
TR,CURRENT_ACCOUNT_GDP_A,2018,A,2,-1.85233343060557,-1.809,0.043333430605570156,0.023670846388007323,ok
TR,CURRENT_ACCOUNT_GDP_A,2019,A,2,1.9351600379275,1.937,0.0018399620725000343,0.0009503543523396512,ok
TR,CURRENT_ACCOUNT_GDP_A,2020,A,2,-4.248,-4.22284721473811,0.025152785261890465,0.005938670507036905,ok
TR,CURRENT_ACCOUNT_GDP_A,2021,A,2,-0.854,-0.74064931592423,0.11335068407576998,0.14216377600246732,ok
TR,CURRENT_ACCOUNT_GDP_A,2022,A,2,-5.047,-4.99763806227356,0.04936193772643982,0.00982851495900828,ok
TR,CURRENT_ACCOUNT_GDP_A,2023,A,2,-3.63367003503212,-3.626,0.007670035032119937,0.0021130533468071053,ok
VN,CURRENT_ACCOUNT_GDP_A,2015,A,2,-0.861,-0.853052854546214,0.007947145453785942,0.009272929283023661,ok
VN,CURRENT_ACCOUNT_GDP_A,2016,A,2,0.243099852637275,0.248,0.00490014736272501,0.019955808727738496,ok
VN,CURRENT_ACCOUNT_GDP_A,2017,A,2,-0.596,-0.586095207209378,0.009904792790621952,0.016758028846093734,ok
VN,CURRENT_ACCOUNT_GDP_A,2018,A,2,1.895,1.90236367538642,0.00736367538641991,0.0038783092776440917,ok
VN,CURRENT_ACCOUNT_GDP_A,2019,A,2,3.76,3.91824395534242,0.15824395534242042,0.041218788114257915,ok
VN,CURRENT_ACCOUNT_GDP_A,2020,A,2,4.34486906553373,4.349,0.004130934466270553,0.0009503097953585177,ok
VN,CURRENT_ACCOUNT_GDP_A,2022,A,2,0.339101746979362,0.341,0.0018982530206380077,0.005582261857344151,ok
VN,CURRENT_ACCOUNT_GDP_A,2023,A,2,5.94503707253957,6.372,0.42696292746042985,0.06932883695094653,ok
VN,CURRENT_ACCOUNT_GDP_A,2024,A,2,6.33411954374758,6.613,0.27888045625242075,0.04307992296048547,ok
ZA,CURRENT_ACCOUNT_GDP_A,2015,A,2,-4.339,-4.31028688643788,0.028713113562120363,0.006639417547160483,ok
ZA,CURRENT_ACCOUNT_GDP_A,2016,A,2,-2.676,-2.63361451678797,0.042385483212030284,0.015965559487610866,ok
ZA,CURRENT_ACCOUNT_GDP_A,2017,A,2,-2.37436753188649,-2.368,0.006367531886489974,0.002685381022738658,ok
ZA,CURRENT_ACCOUNT_GDP_A,2018,A,2,-3.00051939426576,-2.929,0.07151939426576037,0.024123167329522317,ok
ZA,CURRENT_ACCOUNT_GDP_A,2019,A,2,-2.61999067483039,-2.604,0.01599067483038974,0.006122015074580476,ok
ZA,CURRENT_ACCOUNT_GDP_A,2020,A,2,1.969,2.00352275153333,0.034522751533329954,0.017380769698552248,ok
ZA,CURRENT_ACCOUNT_GDP_A,2021,A,2,3.732,3.77241369345008,0.04041369345007961,0.010770646475780793,ok
ZA,CURRENT_ACCOUNT_GDP_A,2022,A,2,-0.324,-0.29618259812743,0.027817401872570036,0.08970713450058572,ok
ZA,CURRENT_ACCOUNT_GDP_A,2023,A,2,-1.10356312207881,-1.086,0.017563122078809945,0.016042581190475302,ok
ZA,CURRENT_ACCOUNT_GDP_A,2024,A,2,-0.653,-0.642799797075048,0.010200202924952051,0.015743485911907877,ok
AR,GDP_REAL_GROWTH_YOY_A,2015,A,2,2.731,2.73115982828944,0.00015982828944016703,5.852201124265517e-05,ok
AR,GDP_REAL_GROWTH_YOY_A,2016,A,2,-2.08032784377811,-2.08,0.0003278437781100152,0.00015760478040225363,ok
AR,GDP_REAL_GROWTH_YOY_A,2017,A,2,2.81850297775918,2.819,0.0004970222408200442,0.00017632708764177109,ok
AR,GDP_REAL_GROWTH_YOY_A,2018,A,2,-2.61739646282038,-2.617,0.0003964628203800835,0.00015148368038077985,ok
AR,GDP_REAL_GROWTH_YOY_A,2019,A,2,-2.001,-2.00086100285785,0.00013899714214993253,6.946625185166125e-05,ok
AR,GDP_REAL_GROWTH_YOY_A,2020,A,2,-9.9004848136464,-9.9,0.000484813646400184,4.8969876340204835e-05,ok
AR,GDP_REAL_GROWTH_YOY_A,2021,A,2,10.4418119882506,10.442,0.00018801174939930831,1.800550105556258e-05,ok
AR,GDP_REAL_GROWTH_YOY_A,2022,A,2,6.02074537534855,6.021,0.00025462465144965307,4.229032312390726e-05,ok
AR,GDP_REAL_GROWTH_YOY_A,2023,A,2,-1.856,-1.85578803046339,0.00021196953661006823,0.00011421424654123116,ok
AR,GDP_REAL_GROWTH_YOY_A,2024,A,2,-1.343,-1.34293072157739,6.927842260995298e-05,5.1586157493494283e-05,ok
BR,GDP_REAL_GROWTH_YOY_A,2015,A,2,-3.546,-3.54576339347278,0.0002366065272196849,6.672713515441202e-05,ok
BR,GDP_REAL_GROWTH_YOY_A,2016,A,2,-3.276,-3.2759169063211,8.309367889980379e-05,2.5364692528269827e-05,ok
BR,GDP_REAL_GROWTH_YOY_A,2017,A,2,1.32286905390815,1.323,0.00013094609184993722,9.898153626047356e-05,ok
BR,GDP_REAL_GROWTH_YOY_A,2018,A,2,1.78366676137003,1.784,0.00033323862996992304,0.00018681040145237954,ok
BR,GDP_REAL_GROWTH_YOY_A,2019,A,2,1.22077782271943,1.221,0.00022217728057016828,0.00018197993159158718,ok
BR,GDP_REAL_GROWTH_YOY_A,2020,A,2,-3.277,-3.27675879612903,0.00024120387097026352,7.360779622000441e-05,ok
BR,GDP_REAL_GROWTH_YOY_A,2021,A,2,4.7626043797061,4.763,0.00039562029389994535,8.306460737395264e-05,ok
BR,GDP_REAL_GROWTH_YOY_A,2022,A,2,3.01669435408112,3.017,0.0003056459188797156,0.00010131302679360291,ok
BR,GDP_REAL_GROWTH_YOY_A,2023,A,2,3.24165532813583,3.242,0.00034467186417019846,0.0001063202304029008,ok
BR,GDP_REAL_GROWTH_YOY_A,2024,A,2,3.419,3.41931516597739,0.0003151659773901194,9.21764995442626e-05,ok
CN,GDP_REAL_GROWTH_YOY_A,2015,A,2,6.97878002657477,7.018,0.039219973425229426,0.005604142288549942,ok
CN,GDP_REAL_GROWTH_YOY_A,2016,A,2,6.77555562837017,6.776,0.0004443716298299094,6.558237917713561e-05,ok
CN,GDP_REAL_GROWTH_YOY_A,2017,A,2,6.891,6.8912663621211,0.0002663621211000944,3.8652876689737856e-05,ok
CN,GDP_REAL_GROWTH_YOY_A,2018,A,2,6.75671800166833,6.759,0.0022819983316706427,0.00033768066652307505,ok
CN,GDP_REAL_GROWTH_YOY_A,2019,A,2,6.065,6.06850235053705,0.0035023505370492813,0.0005773024862675798,ok
CN,GDP_REAL_GROWTH_YOY_A,2020,A,2,2.337,2.34018843078414,0.003188430784139662,0.0013633963357790634,ok
CN,GDP_REAL_GROWTH_YOY_A,2021,A,2,8.556,8.57008513166322,0.014085131663220452,0.00164487465231379,ok
CN,GDP_REAL_GROWTH_YOY_A,2022,A,2,3.112,3.1341888719577,0.022188871957699696,0.007104771377412797,ok
CN,GDP_REAL_GROWTH_YOY_A,2023,A,2,5.377,5.41484330099675,0.03784330099674982,0.007013315508992714,ok
CN,GDP_REAL_GROWTH_YOY_A,2024,A,2,4.9773565917572,5.003,0.025643408242800092,0.005138775955957134,ok
DE,GDP_REAL_GROWTH_YOY_A,2015,A,2,1.663,1.66300602334775,6.023347749906094e-06,3.621970439995396e-06,ok
DE,GDP_REAL_GROWTH_YOY_A,2016,A,2,2.217,2.22222216259371,0.005222162593709889,0.0023527376654917083,ok
DE,GDP_REAL_GROWTH_YOY_A,2017,A,2,2.797906720551,2.806,0.008093279449000068,0.002888441886200526,ok
DE,GDP_REAL_GROWTH_YOY_A,2018,A,2,1.133,1.13569604599849,0.0026960459984899376,0.0023767361901522286,ok
DE,GDP_REAL_GROWTH_YOY_A,2019,A,2,0.973,0.977734697038784,0.0047346970387840415,0.004854270594531705,ok
DE,GDP_REAL_GROWTH_YOY_A,2020,A,2,-4.13191443239947,-4.127,0.004914432399470314,0.0011900916130553783,ok
DE,GDP_REAL_GROWTH_YOY_A,2021,A,2,3.90999994204108,3.913,0.0030000579589199994,0.0007669840166551917,ok
DE,GDP_REAL_GROWTH_YOY_A,2022,A,2,1.807,1.8092581243061,0.002258124306099951,0.0012488734091863245,ok
DE,GDP_REAL_GROWTH_YOY_A,2023,A,2,-0.872,-0.869647578573321,0.002352421426679019,0.0027013747851399607,ok
DE,GDP_REAL_GROWTH_YOY_A,2024,A,2,-0.496,-0.495851897260366,0.000148102739634004,0.0002986388190476512,ok
GB,GDP_REAL_GROWTH_YOY_A,2015,A,2,2.14,2.14040560033371,0.00040560033371006554,0.0001895149065679402,ok
GB,GDP_REAL_GROWTH_YOY_A,2016,A,2,2.20652020635357,2.207,0.0004797936464298047,0.00021741993873240154,ok
GB,GDP_REAL_GROWTH_YOY_A,2017,A,2,3.023,3.02322219840339,0.0002221984033896618,7.349991320144904e-05,ok
GB,GDP_REAL_GROWTH_YOY_A,2018,A,2,1.551,1.55133095078786,0.0003309507878601625,0.00021335621061067974,ok
GB,GDP_REAL_GROWTH_YOY_A,2019,A,2,1.256,1.25629899760824,0.00029899760823992594,0.0002380270887538289,ok
GB,GDP_REAL_GROWTH_YOY_A,2020,A,2,-10.048,-10.047896637362,0.00010336263800070356,1.0286939653992173e-05,ok
GB,GDP_REAL_GROWTH_YOY_A,2021,A,2,8.543,8.5431118453255,0.00011184532550068127,1.3091957551627576e-05,ok
GB,GDP_REAL_GROWTH_YOY_A,2022,A,2,5.14970388522993,5.15,0.0002961147700704103,5.7499666664213e-05,ok
GB,GDP_REAL_GROWTH_YOY_A,2023,A,2,0.271650048355255,0.272,0.00034995164474499463,0.0012874151149392127,ok
GB,GDP_REAL_GROWTH_YOY_A,2024,A,2,1.088,1.1264226705118,0.03842267051179982,0.034702201186297944,ok
ID,GDP_REAL_GROWTH_YOY_A,2015,A,2,4.876,4.87632230022123,0.00032230022122980984,6.609712257407623e-05,ok
ID,GDP_REAL_GROWTH_YOY_A,2016,A,2,5.033,5.03306918280177,6.918280177004021e-05,1.3745743350987779e-05,ok
ID,GDP_REAL_GROWTH_YOY_A,2017,A,2,5.06978590134916,5.07,0.00021409865084009994,4.222942238092282e-05,ok
ID,GDP_REAL_GROWTH_YOY_A,2018,A,2,5.174,5.17429153955024,0.000291539550239861,5.634544584014144e-05,ok
ID,GDP_REAL_GROWTH_YOY_A,2019,A,2,5.019,5.01928768046282,0.0002876804628195728,5.7316640442468215e-05,ok
ID,GDP_REAL_GROWTH_YOY_A,2020,A,2,-2.066,-2.06551182934165,0.0004881706583499401,0.00023631575002786785,ok
ID,GDP_REAL_GROWTH_YOY_A,2021,A,2,3.70288562827751,3.703,0.00011437172248962568,3.0886710443630414e-05,ok
ID,GDP_REAL_GROWTH_YOY_A,2022,A,2,5.307,5.30719722664799,0.00019722664798926814,3.716280068625655e-05,ok
ID,GDP_REAL_GROWTH_YOY_A,2023,A,2,5.049,5.04902331835997,2.3318359970048164e-05,4.618400895876584e-06,ok
ID,GDP_REAL_GROWTH_YOY_A,2024,A,2,5.03034469419038,5.033,0.0026553058096201454,0.0005277183461981714,ok
IN,GDP_REAL_GROWTH_YOY_A,2015,A,2,7.996,7.99625378571471,0.0002537857147091316,3.1738580203852065e-05,ok
IN,GDP_REAL_GROWTH_YOY_A,2016,A,2,8.256,8.25630550179086,0.0003055017908604185,3.700292376825089e-05,ok
IN,GDP_REAL_GROWTH_YOY_A,2017,A,2,6.795,6.79538341897911,0.0003834189791103171,5.642504222137965e-05,ok
IN,GDP_REAL_GROWTH_YOY_A,2018,A,2,6.45385134497769,6.454,0.00014865502230954064,2.303327150841116e-05,ok
IN,GDP_REAL_GROWTH_YOY_A,2019,A,2,3.871,3.87143694070356,0.00043694070356004033,0.00011286903772194889,ok
IN,GDP_REAL_GROWTH_YOY_A,2020,A,2,-5.778,-5.77772470686801,0.0002752931319891516,4.764619077945572e-05,ok
IN,GDP_REAL_GROWTH_YOY_A,2021,A,2,9.68959249192875,9.69,0.00040750807125000676,4.20553808259618e-05,ok
IN,GDP_REAL_GROWTH_YOY_A,2022,A,2,7.609,7.60936497768895,0.00036497768894960814,4.7965427230150894e-05,ok
IN,GDP_REAL_GROWTH_YOY_A,2024,A,2,6.49476552383821,7.099,0.6042344761617899,0.08889876393736469,ok
JP,GDP_REAL_GROWTH_YOY_A,2015,A,2,1.56062669680782,1.8,0.2393733031921801,0.1424575383035284,ok
JP,GDP_REAL_GROWTH_YOY_A,2016,A,2,0.705,0.753826745789127,0.048826745789127046,0.06693974583351235,ok
JP,GDP_REAL_GROWTH_YOY_A,2017,A,2,1.623,1.67533175173359,0.05233175173358995,0.031732254771573286,ok
JP,GDP_REAL_GROWTH_YOY_A,2020,A,2,-4.283,-4.16876457146743,0.11423542853257018,0.027032326224093142,ok
MX,GDP_REAL_GROWTH_YOY_A,2015,A,2,2.702,2.70232342550646,0.0003234255064601399,0.00011969139557180756,ok
MX,GDP_REAL_GROWTH_YOY_A,2016,A,2,1.772,1.77249323845399,0.0004932384539899637,0.0002783125376789268,ok
MX,GDP_REAL_GROWTH_YOY_A,2017,A,2,1.87172853327193,1.872,0.0002714667280701022,0.00014502479314804735,ok
MX,GDP_REAL_GROWTH_YOY_A,2018,A,2,1.972,1.97208209405635,8.209405634995726e-05,4.162897951524452e-05,ok
MX,GDP_REAL_GROWTH_YOY_A,2019,A,2,-0.393,-0.392690505066824,0.0003094949331760022,0.0007878291291039065,ok
MX,GDP_REAL_GROWTH_YOY_A,2020,A,2,-8.35403458167995,-8.354,3.458167995162853e-05,4.1395269781817065e-06,ok
MX,GDP_REAL_GROWTH_YOY_A,2021,A,2,6.048,6.0484834621255,0.0004834621254996563,7.99343258746879e-05,ok
MX,GDP_REAL_GROWTH_YOY_A,2022,A,2,3.70975709163623,3.71,0.00024290836377005576,6.547609598806658e-05,ok
MX,GDP_REAL_GROWTH_YOY_A,2023,A,2,3.107,3.35354140652768,0.24654140652767964,0.07632221233922475,ok
MX,GDP_REAL_GROWTH_YOY_A,2024,A,2,1.351,1.42742769080466,0.07642769080465994,0.055015065576549685,ok
SA,GDP_REAL_GROWTH_YOY_A,2015,A,2,4.655,4.65512316652699,0.00012316652698984853,2.645862461469327e-05,ok
SA,GDP_REAL_GROWTH_YOY_A,2016,A,2,1.704,1.70404739202878,4.739202878001336e-05,2.7811836707940446e-05,ok
SA,GDP_REAL_GROWTH_YOY_A,2017,A,2,1.182,1.18210705878283,0.00010705878283001624,9.057016469054146e-05,ok
SA,GDP_REAL_GROWTH_YOY_A,2018,A,2,3.2269508901591,3.227,4.910984089967485e-05,1.5218535664582417e-05,ok
SA,GDP_REAL_GROWTH_YOY_A,2019,A,2,1.65158925617395,1.652,0.00041074382604988635,0.00024866519061488235,ok
SA,GDP_REAL_GROWTH_YOY_A,2020,A,2,-3.805,-3.80478901996312,0.00021098003688013733,5.5449641593653494e-05,ok
SA,GDP_REAL_GROWTH_YOY_A,2021,A,2,6.51959698325419,6.52,0.00040301674580955904,6.181429477109213e-05,ok
SA,GDP_REAL_GROWTH_YOY_A,2022,A,2,12.0005874752929,12.001,0.00041252470709984834,3.437478521156144e-05,ok
SA,GDP_REAL_GROWTH_YOY_A,2023,A,2,0.542592439393161,0.543,0.000407560606838997,0.0007508538048898362,ok
TR,GDP_REAL_GROWTH_YOY_A,2015,A,2,5.80557386628684,5.806,0.00042613371315969317,7.339809711703839e-05,ok
TR,GDP_REAL_GROWTH_YOY_A,2016,A,2,3.32366508200445,3.324,0.0003349179955498549,0.00010076259601480047,ok
TR,GDP_REAL_GROWTH_YOY_A,2017,A,2,7.82585730002594,7.826,0.0001426999740594681,1.8234254417746526e-05,ok
TR,GDP_REAL_GROWTH_YOY_A,2018,A,2,3.468,3.46815306092219,0.0001530609221900292,4.413424007390031e-05,ok
TR,GDP_REAL_GROWTH_YOY_A,2019,A,2,1.30162365464503,1.302,0.000376345354970109,0.0002890935134182584,ok
TR,GDP_REAL_GROWTH_YOY_A,2020,A,2,1.803,1.80306247087255,6.247087255006889e-05,3.464769290863282e-05,ok
TR,GDP_REAL_GROWTH_YOY_A,2021,A,2,11.811,11.811094450607,9.44506069995299e-05,7.996802078412049e-06,ok
TR,GDP_REAL_GROWTH_YOY_A,2022,A,2,5.441,5.44122511322401,0.00022511322401008727,4.137264606602029e-05,ok
TR,GDP_REAL_GROWTH_YOY_A,2023,A,2,5.045,5.04512369812289,0.000123698122890481,2.4518653406299287e-05,ok
TR,GDP_REAL_GROWTH_YOY_A,2024,A,2,3.3276230893799,3.328,0.00037691062009992393,0.00011326080670083151,ok
US,GDP_REAL_GROWTH_YOY_A,2015,A,2,2.94555045484053,2.946,0.00044954515947015494,0.00015260674177908676,ok
US,GDP_REAL_GROWTH_YOY_A,2016,A,2,1.81945147788167,1.82,0.0005485221183301192,0.0003014312028412505,ok
US,GDP_REAL_GROWTH_YOY_A,2017,A,2,2.45762229852507,2.458,0.0003777014749299923,0.00015367392040813282,ok
US,GDP_REAL_GROWTH_YOY_A,2018,A,2,2.96650506901305,2.967,0.0004949309869499707,0.00016682584111529043,ok
US,GDP_REAL_GROWTH_YOY_A,2019,A,2,2.58382533412825,2.584,0.0001746658717500793,6.75974362355431e-05,ok
US,GDP_REAL_GROWTH_YOY_A,2020,A,2,-2.16302914036166,-2.081,0.08202914036165998,0.038656256895856174,ok
US,GDP_REAL_GROWTH_YOY_A,2021,A,2,6.05505293244555,6.152,0.09694706755445015,0.015883779334940243,ok
US,GDP_REAL_GROWTH_YOY_A,2022,A,2,2.51237531986017,2.524,0.01162468013983009,0.004616288263501711,ok
US,GDP_REAL_GROWTH_YOY_A,2023,A,2,2.88755600749487,2.935,0.047443992505129984,0.016296620399721174,ok
US,GDP_REAL_GROWTH_YOY_A,2024,A,2,2.793,2.79300127716779,1.2771677897482903e-06,4.5727443528113146e-07,ok
VN,GDP_REAL_GROWTH_YOY_A,2015,A,2,6.987,6.98715430598611,0.0001543059861095486,2.208448292909554e-05,ok
VN,GDP_REAL_GROWTH_YOY_A,2016,A,2,6.69,6.69000892660424,8.926604239789526e-06,1.3343196239638147e-06,ok
VN,GDP_REAL_GROWTH_YOY_A,2017,A,2,6.94,6.94019037359206,0.00019037359205942295,2.743097708827117e-05,ok
VN,GDP_REAL_GROWTH_YOY_A,2018,A,2,7.465,7.46500685572751,6.855727510135523e-06,9.183823659806963e-07,ok
VN,GDP_REAL_GROWTH_YOY_A,2019,A,2,7.359,7.35926270105006,0.000262701050059988,3.5697290556071655e-05,ok
VN,GDP_REAL_GROWTH_YOY_A,2020,A,2,2.865,2.86541320912272,0.0004132091227195822,0.00014421616998291166,ok
VN,GDP_REAL_GROWTH_YOY_A,2021,A,2,2.55372852648131,2.554,0.00027147351868972436,0.00010629911800607821,ok
VN,GDP_REAL_GROWTH_YOY_A,2022,A,2,8.53750046755788,8.538,0.0004995324421201985,5.850867364845572e-05,ok
VN,GDP_REAL_GROWTH_YOY_A,2023,A,2,5.065,5.06502391455075,2.3914550749459806e-05,4.7215191101590555e-06,ok
VN,GDP_REAL_GROWTH_YOY_A,2024,A,2,6.952,7.09118746633975,0.13918746633974965,0.019822774092188036,ok
ZA,GDP_REAL_GROWTH_YOY_A,2015,A,2,1.32186223678229,1.322,0.00013776321770997413,0.00010421361279219958,ok
ZA,GDP_REAL_GROWTH_YOY_A,2016,A,2,0.664552307858116,0.665,0.0004476921418840041,0.0006734479557336526,ok
ZA,GDP_REAL_GROWTH_YOY_A,2017,A,2,1.15794695181735,1.158,5.3048182649950704e-05,4.581122431005874e-05,ok
ZA,GDP_REAL_GROWTH_YOY_A,2018,A,2,1.55678384721676,1.557,0.00021615278323983134,0.00013883608743942737,ok
ZA,GDP_REAL_GROWTH_YOY_A,2019,A,2,0.25993557687633,0.26,6.44231236699988e-05,0.0002478119464609064,ok
ZA,GDP_REAL_GROWTH_YOY_A,2020,A,2,-6.169,-6.1689177146757,8.228532429921387e-05,1.3338608053989072e-05,ok
ZA,GDP_REAL_GROWTH_YOY_A,2021,A,2,4.85864865060148,4.859,0.0003513493985201066,7.231160770529806e-05,ok
ZA,GDP_REAL_GROWTH_YOY_A,2022,A,2,2.058,2.05813661692193,0.0001366169219303437,6.638114068842865e-05,ok
ZA,GDP_REAL_GROWTH_YOY_A,2023,A,2,0.806,0.80610455095804,0.00010455095803996173,0.00012970741628119502,ok
ZA,GDP_REAL_GROWTH_YOY_A,2024,A,2,0.534843531905139,0.535,0.00015646809486102864,0.00029250650248339744,ok
BR,GOV_DEBT_GDP_A,2015,A,2,67.5375540307946,71.73,4.192445969205409,0.06020707405083574,ok
BR,GOV_DEBT_GDP_A,2016,A,2,73.4188038019563,77.422,4.003196198043696,0.053078425693085275,ok
BR,GOV_DEBT_GDP_A,2017,A,2,82.745,83.6692026491606,0.9242026491605912,0.01110725688610873,ok
BR,GOV_DEBT_GDP_A,2018,A,2,84.777,86.6078841212333,1.8308841212332965,0.021365759654021477,ok
BR,GOV_DEBT_GDP_A,2019,A,2,87.118,92.5652531951269,5.447253195126905,0.06063172942679822,ok
BR,GOV_DEBT_GDP_A,2020,A,2,96.007,98.7098819471851,2.702881947185091,0.027762173676530204,ok
BR,GOV_DEBT_GDP_A,2021,A,2,85.011503676948,88.934,3.922496323052002,0.04510028991996104,ok
BR,GOV_DEBT_GDP_A,2022,A,2,79.1023218880378,83.939,4.836678111962186,0.059330702866646094,ok
BR,GOV_DEBT_GDP_A,2023,A,2,83.0317498523499,84.001,0.9692501476501008,0.011605510278755251,ok
BR,GOV_DEBT_GDP_A,2024,A,2,81.8554431189056,87.028,5.172556881094408,0.06125593824437332,ok
TR,GOV_DEBT_GDP_A,2015,A,2,26.455,29.145145266046,2.6901452660460023,0.09676756250091402,ok
TR,GOV_DEBT_GDP_A,2016,A,2,27.018,30.075201418508,3.0572014185080008,0.10709511264214876,ok
TR,GOV_DEBT_GDP_A,2017,A,2,26.927,29.5734179673603,2.6464179673603,0.0936778191230057,ok
TR,GOV_DEBT_GDP_A,2018,A,2,28.826,29.3999927208091,0.5739927208090982,0.019716030383934074,ok
TR,GOV_DEBT_GDP_A,2019,A,2,31.195,33.4600744570718,2.2650744570717976,0.0700664093605123,ok
TR,GOV_DEBT_GDP_A,2020,A,2,38.297,41.0396523893444,2.7426523893444,0.06913960462775368,ok
TR,GOV_DEBT_GDP_A,2021,A,2,38.91,41.6375124693568,2.727512469356803,0.06772431291144958,ok
TR,GOV_DEBT_GDP_A,2024,A,2,23.6,26.6192344930079,3.0192344930079003,0.12024215516181445,ok
US,GOV_DEBT_GDP_A,2015,A,2,96.6110565851958,105.442,8.830943414804196,0.08741212396438677,ok
US,GOV_DEBT_GDP_A,2016,A,2,98.6931939368279,107.405,8.711806063172105,0.08454034357857984,ok
US,GOV_DEBT_GDP_A,2017,A,2,97.8800564031882,106.403,8.5229435968118,0.08344249148094089,ok
US,GOV_DEBT_GDP_A,2018,A,2,99.2223695206525,107.653,8.4306304793475,0.08150443911116122,ok
US,GOV_DEBT_GDP_A,2019,A,2,100.979786328903,108.785,7.805213671096993,0.0744187221096178,ok
US,GOV_DEBT_GDP_A,2020,A,2,126.370405951231,132.552,6.181594048768986,0.04774862203260472,ok
US,GOV_DEBT_GDP_A,2021,A,2,120.367733355153,125.048,4.680266644846995,0.03814153706334674,ok
US,GOV_DEBT_GDP_A,2022,A,2,114.694842004206,119.145,4.450157995794001,0.03806158914282843,ok
US,GOV_DEBT_GDP_A,2023,A,2,116.918808847311,119.963,3.0441911526889953,0.02570219441925333,ok
US,GOV_DEBT_GDP_A,2024,A,2,117.973234857902,122.27,4.296765142097996,0.03577012392993649,ok
ZA,GOV_DEBT_GDP_A,2016,A,2,47.134,53.7387913884354,6.604791388435402,0.13095288228918012,ok
ZA,GOV_DEBT_GDP_A,2017,A,2,48.588,56.2597208390879,7.671720839087897,0.1463402499871572,ok
ZA,GOV_DEBT_GDP_A,2018,A,2,51.536,59.1023114070608,7.566311407060802,0.13677561254930595,ok
ZA,GOV_DEBT_GDP_A,2019,A,2,56.101,64.5892781351104,8.488278135110406,0.14066216875576248,ok
ZA,GOV_DEBT_GDP_A,2020,A,2,68.927,75.7255090793216,6.79850907932159,0.09399780373797129,ok
ZA,GOV_DEBT_GDP_A,2021,A,2,68.819,74.0826080051444,5.263608005144391,0.0736675825922813,ok
ZA,GOV_DEBT_GDP_A,2022,A,2,70.715,76.205442941881,5.490442941881,0.0747403537852512,ok
ZA,GOV_DEBT_GDP_A,2023,A,2,73.22,79.4469077095183,6.226907709518301,0.08157508137082774,ok
AR,UNEMPLOYMENT_RATE_A,2015,A,2,6.533,7.577,1.0439999999999996,0.14798015591778876,ok
AR,UNEMPLOYMENT_RATE_A,2016,A,2,8.088,8.467,0.37900000000000134,0.045786771368166876,ok
AR,UNEMPLOYMENT_RATE_A,2017,A,2,8.347,8.35,0.0030000000000001137,0.0003593459902976719,ok
AR,UNEMPLOYMENT_RATE_A,2018,A,2,9.2,9.22,0.02000000000000135,0.002171552660152155,ok
AR,UNEMPLOYMENT_RATE_A,2019,A,2,9.825,9.843,0.018000000000000682,0.0018303843807200206,ok
AR,UNEMPLOYMENT_RATE_A,2020,A,2,11.461,11.55,0.08900000000000041,0.007735430880883091,ok
AR,UNEMPLOYMENT_RATE_A,2021,A,2,8.736,8.75,0.013999999999999346,0.001601281024819781,ok
AR,UNEMPLOYMENT_RATE_A,2022,A,2,6.805,6.825,0.020000000000000462,0.0029347028613353576,ok
AR,UNEMPLOYMENT_RATE_A,2023,A,2,6.125,6.139,0.014000000000000234,0.0022831050228310887,ok
AR,UNEMPLOYMENT_RATE_A,2024,A,2,7.15,7.15,0.0,0.0,ok
AR,UNEMPLOYMENT_RATE_A,2025,A,2,7.145,7.4,0.2550000000000008,0.0350635957373669,ok
BR,UNEMPLOYMENT_RATE_A,2015,A,2,8.538,8.625,0.08699999999999974,0.010138087746897366,ok
BR,UNEMPLOYMENT_RATE_A,2016,A,2,11.58,11.6,0.019999999999999574,0.0017256255392579442,ok
BR,UNEMPLOYMENT_RATE_A,2017,A,2,12.792,12.85,0.05799999999999983,0.004523828094532395,ok
BR,UNEMPLOYMENT_RATE_A,2018,A,2,12.329,12.375,0.045999999999999375,0.003724093264248654,ok
BR,UNEMPLOYMENT_RATE_A,2019,A,2,11.936,11.975,0.0389999999999997,0.003262096942829635,ok
BR,UNEMPLOYMENT_RATE_A,2020,A,2,13.697,13.775,0.07800000000000118,0.005678509027373411,ok
BR,UNEMPLOYMENT_RATE_A,2021,A,2,13.158,13.225,0.06700000000000017,0.005079028162074076,ok
BR,UNEMPLOYMENT_RATE_A,2022,A,2,9.231,9.25,0.019000000000000128,0.0020561657918943916,ok
BR,UNEMPLOYMENT_RATE_A,2023,A,2,7.947,7.975,0.02799999999999958,0.0035171460871749253,ok
BR,UNEMPLOYMENT_RATE_A,2024,A,2,6.801,6.925,0.12399999999999967,0.018067900335130362,ok
BR,UNEMPLOYMENT_RATE_A,2025,A,2,5.97,6.027,0.057000000000000384,0.009502375593898538,ok
CN,UNEMPLOYMENT_RATE_A,2017,A,2,4.47,5.0,0.5300000000000002,0.11193241816261887,ok
CN,UNEMPLOYMENT_RATE_A,2018,A,2,4.31,4.93,0.6200000000000001,0.13419913419913423,ok
CN,UNEMPLOYMENT_RATE_A,2019,A,2,4.56,5.15,0.5900000000000007,0.12152420185375916,ok
CN,UNEMPLOYMENT_RATE_A,2020,A,2,5.0,5.617,0.617,0.11622868983705377,ok
CN,UNEMPLOYMENT_RATE_A,2021,A,2,4.55,5.117,0.5670000000000002,0.11730629978276615,ok
CN,UNEMPLOYMENT_RATE_A,2022,A,2,4.98,5.583,0.6029999999999998,0.114172110195967,ok
CN,UNEMPLOYMENT_RATE_A,2023,A,2,4.67,5.217,0.5469999999999997,0.11065034894305648,ok
CN,UNEMPLOYMENT_RATE_A,2024,A,2,4.59,5.117,0.5270000000000001,0.10858143607705781,ok
CN,UNEMPLOYMENT_RATE_A,2025,A,2,4.615,5.1,0.48499999999999943,0.09984559958826546,ok
DE,UNEMPLOYMENT_RATE_A,2015,A,2,4.358,4.612,0.25400000000000045,0.056633221850613265,ok
DE,UNEMPLOYMENT_RATE_A,2016,A,2,3.9,4.104,0.20400000000000018,0.050974512743628235,ok
DE,UNEMPLOYMENT_RATE_A,2017,A,2,3.525,3.781,0.2560000000000002,0.07007938680536552,ok
DE,UNEMPLOYMENT_RATE_A,2018,A,2,3.192,3.384,0.19199999999999973,0.05839416058394152,ok
DE,UNEMPLOYMENT_RATE_A,2019,A,2,2.95,3.163,0.21299999999999963,0.06968755112056262,ok
DE,UNEMPLOYMENT_RATE_A,2020,A,2,3.625,3.881,0.2559999999999998,0.06821209698907535,ok
DE,UNEMPLOYMENT_RATE_A,2021,A,2,3.594,3.6,0.006000000000000227,0.0016680567139283368,ok
DE,UNEMPLOYMENT_RATE_A,2022,A,2,3.137,3.142,0.004999999999999893,0.0015926102882624282,ok
DE,UNEMPLOYMENT_RATE_A,2023,A,2,3.071,3.083,0.01200000000000001,0.0038999025024374426,ok
DE,UNEMPLOYMENT_RATE_A,2024,A,2,3.392,3.4,0.008000000000000007,0.0023557126030624284,ok
DE,UNEMPLOYMENT_RATE_A,2025,A,2,3.711,3.767,0.05600000000000005,0.0149772666488366,ok
GB,UNEMPLOYMENT_RATE_A,2015,A,2,5.375,5.552,0.1769999999999996,0.03239681522833342,ok
GB,UNEMPLOYMENT_RATE_A,2016,A,2,4.875,4.909,0.03399999999999981,0.0069501226492231834,ok
GB,UNEMPLOYMENT_RATE_A,2017,A,2,4.425,4.501,0.07600000000000051,0.017028904324445555,ok
GB,UNEMPLOYMENT_RATE_A,2018,A,2,4.075,4.145,0.0699999999999994,0.017031630170316156,ok
GB,UNEMPLOYMENT_RATE_A,2019,A,2,3.657,3.825,0.16800000000000015,0.04490777866880517,ok
GB,UNEMPLOYMENT_RATE_A,2020,A,2,4.472,4.625,0.15299999999999958,0.033637462899857,ok
GB,UNEMPLOYMENT_RATE_A,2021,A,2,4.55,4.864,0.31400000000000006,0.06670915657531337,ok
GB,UNEMPLOYMENT_RATE_A,2022,A,2,3.768,3.8,0.03200000000000003,0.008456659619450324,ok
GB,UNEMPLOYMENT_RATE_A,2023,A,2,4.025,4.05,0.024999999999999467,0.006191950464396153,ok
GB,UNEMPLOYMENT_RATE_A,2024,A,2,4.3,4.361,0.06099999999999994,0.014086133240965235,ok
GB,UNEMPLOYMENT_RATE_A,2025,A,2,4.746,4.85,0.1039999999999992,0.021675698207586327,ok
IN,UNEMPLOYMENT_RATE_A,2019,A,2,6.51,7.484,0.9740000000000002,0.13920251536372735,ok
IN,UNEMPLOYMENT_RATE_A,2020,A,2,7.859,8.662,0.8030000000000008,0.09720961200895839,ok
IN,UNEMPLOYMENT_RATE_A,2021,A,2,6.38,7.365,0.9850000000000003,0.1433248453983267,ok
IN,UNEMPLOYMENT_RATE_A,2022,A,2,4.822,5.3,0.47799999999999976,0.09444773760126453,ok
JP,UNEMPLOYMENT_RATE_A,2015,A,2,3.375,3.385,0.009999999999999787,0.0029585798816567418,ok
JP,UNEMPLOYMENT_RATE_A,2016,A,2,3.108,3.132,0.02400000000000002,0.007692307692307699,ok
JP,UNEMPLOYMENT_RATE_A,2017,A,2,2.817,2.822,0.004999999999999893,0.0017733640716438707,ok
JP,UNEMPLOYMENT_RATE_A,2018,A,2,2.433,2.467,0.03400000000000025,0.013877551020408265,ok
JP,UNEMPLOYMENT_RATE_A,2019,A,2,2.351,2.358,0.007000000000000117,0.0029730303673816596,ok
JP,UNEMPLOYMENT_RATE_A,2020,A,2,2.8,2.809,0.009000000000000341,0.003209128186842696,ok
JP,UNEMPLOYMENT_RATE_A,2021,A,2,2.808,2.817,0.009000000000000341,0.003200000000000121,ok
JP,UNEMPLOYMENT_RATE_A,2022,A,2,2.592,2.614,0.021999999999999797,0.00845178640030726,ok
JP,UNEMPLOYMENT_RATE_A,2023,A,2,2.567,2.6,0.03299999999999992,0.012773369460034805,ok
JP,UNEMPLOYMENT_RATE_A,2024,A,2,2.5,2.533,0.03299999999999992,0.013113451221935196,ok
JP,UNEMPLOYMENT_RATE_A,2025,A,2,2.451,2.533,0.08199999999999985,0.03290529695024071,ok
MX,UNEMPLOYMENT_RATE_A,2015,A,2,4.311,4.346,0.03500000000000014,0.00808594201224446,ok
MX,UNEMPLOYMENT_RATE_A,2016,A,2,3.853,3.874,0.020999999999999908,0.0054354859583279165,ok
MX,UNEMPLOYMENT_RATE_A,2017,A,2,3.419,3.423,0.0040000000000000036,0.001169248757673196,ok
MX,UNEMPLOYMENT_RATE_A,2018,A,2,3.275,3.325,0.050000000000000266,0.015151515151515233,ok
MX,UNEMPLOYMENT_RATE_A,2019,A,2,3.477,3.491,0.014000000000000234,0.004018369690011549,ok
MX,UNEMPLOYMENT_RATE_A,2020,A,2,4.409,4.44,0.031000000000000583,0.007006441405808698,ok
MX,UNEMPLOYMENT_RATE_A,2021,A,2,4.019,4.137,0.11799999999999944,0.028935752820009677,ok
MX,UNEMPLOYMENT_RATE_A,2022,A,2,3.256,3.27,0.014000000000000234,0.004290530186944601,ok
MX,UNEMPLOYMENT_RATE_A,2023,A,2,2.765,2.795,0.029999999999999805,0.01079136690647475,ok
MX,UNEMPLOYMENT_RATE_A,2024,A,2,2.671,2.678,0.007000000000000117,0.002617311647036873,ok
MX,UNEMPLOYMENT_RATE_A,2025,A,2,2.647,2.673,0.026000000000000245,0.009774436090225656,ok
SA,UNEMPLOYMENT_RATE_A,2015,A,2,5.591,5.6,0.008999999999999453,0.001608435349834591,ok
SA,UNEMPLOYMENT_RATE_A,2016,A,2,5.6,5.6,0.0,0.0,ok
SA,UNEMPLOYMENT_RATE_A,2017,A,2,5.89,5.9,0.010000000000000675,0.001696352841391124,ok
SA,UNEMPLOYMENT_RATE_A,2018,A,2,6.025,6.029,0.0039999999999995595,0.0006636801061887439,ok
SA,UNEMPLOYMENT_RATE_A,2019,A,2,5.625,5.636,0.01100000000000012,0.0019536453245715514,ok
SA,UNEMPLOYMENT_RATE_A,2020,A,2,7.65,7.66,0.009999999999999787,0.0013063357282821406,ok
SA,UNEMPLOYMENT_RATE_A,2021,A,2,6.125,6.621,0.49600000000000044,0.07782833830221253,ok
SA,UNEMPLOYMENT_RATE_A,2022,A,2,4.875,5.589,0.7140000000000004,0.13646788990825695,ok
SA,UNEMPLOYMENT_RATE_A,2023,A,2,4.0,4.008,0.008000000000000007,0.001998001998002,ok
SA,UNEMPLOYMENT_RATE_A,2024,A,2,3.5,3.518,0.017999999999999794,0.005129666571672783,ok
TR,UNEMPLOYMENT_RATE_A,2015,A,2,10.3,10.304,0.0039999999999995595,0.0003882741215297573,ok
TR,UNEMPLOYMENT_RATE_A,2016,A,2,10.899,10.9,0.0010000000000012221,9.174732785918823e-05,ok
TR,UNEMPLOYMENT_RATE_A,2017,A,2,10.9,10.919,0.019000000000000128,0.001741601356615805,ok
TR,UNEMPLOYMENT_RATE_A,2018,A,2,10.9,10.956,0.05599999999999916,0.005124450951683671,ok
TR,UNEMPLOYMENT_RATE_A,2019,A,2,13.7,13.73,0.030000000000001137,0.0021873860736420806,ok
TR,UNEMPLOYMENT_RATE_A,2020,A,2,13.1,13.148,0.04800000000000004,0.0036574215178299336,ok
TR,UNEMPLOYMENT_RATE_A,2021,A,2,11.969,12.0,0.031000000000000583,0.0025866744545037824,ok
TR,UNEMPLOYMENT_RATE_A,2022,A,2,10.4,10.465,0.0649999999999995,0.0062305295950155284,ok
TR,UNEMPLOYMENT_RATE_A,2023,A,2,9.388,9.4,0.012000000000000455,0.0012774111134767356,ok
TR,UNEMPLOYMENT_RATE_A,2024,A,2,8.7,8.8,0.10000000000000142,0.011428571428571592,ok
TR,UNEMPLOYMENT_RATE_A,2025,A,2,8.3,8.52,0.21999999999999886,0.026159334126040292,ok
US,UNEMPLOYMENT_RATE_A,2015,A,2,5.275,5.28,0.004999999999999893,0.0009474182851728837,ok
US,UNEMPLOYMENT_RATE_A,2016,A,2,4.869,4.875,0.006000000000000227,0.0012315270935961057,ok
US,UNEMPLOYMENT_RATE_A,2017,A,2,4.355,4.358,0.0029999999999992255,0.000688626190749277,ok
US,UNEMPLOYMENT_RATE_A,2018,A,2,3.892,3.896,0.0040000000000000036,0.001027221366204418,ok
US,UNEMPLOYMENT_RATE_A,2019,A,2,3.669,3.675,0.005999999999999783,0.0016339869281045162,ok
US,UNEMPLOYMENT_RATE_A,2020,A,2,8.055,8.1,0.04499999999999993,0.005571030640668514,ok
US,UNEMPLOYMENT_RATE_A,2021,A,2,5.349,5.35,0.0009999999999994458,0.0001869333582576775,ok
US,UNEMPLOYMENT_RATE_A,2022,A,2,3.65,3.65,0.0,0.0,ok
US,UNEMPLOYMENT_RATE_A,2023,A,2,3.625,3.638,0.0129999999999999,0.0035797879664050394,ok
US,UNEMPLOYMENT_RATE_A,2024,A,2,4.022,4.025,0.0030000000000001137,0.0007456194855225832,ok
US,UNEMPLOYMENT_RATE_A,2025,A,2,4.198,4.279,0.08099999999999952,0.019110534387165156,ok
ZA,UNEMPLOYMENT_RATE_A,2015,A,2,25.149,25.35,0.2010000000000005,0.007960553674330205,ok
ZA,UNEMPLOYMENT_RATE_A,2016,A,2,26.536,26.725,0.18900000000000006,0.007097125476427406,ok
ZA,UNEMPLOYMENT_RATE_A,2017,A,2,27.035,27.45,0.41499999999999915,0.015233550518491297,ok
ZA,UNEMPLOYMENT_RATE_A,2018,A,2,26.906,27.125,0.2190000000000012,0.008106457404082886,ok
ZA,UNEMPLOYMENT_RATE_A,2019,A,2,28.468,28.7,0.23199999999999932,0.008116428771340587,ok
ZA,UNEMPLOYMENT_RATE_A,2020,A,2,29.175,29.217,0.04199999999999804,0.0014385532264693122,ok
ZA,UNEMPLOYMENT_RATE_A,2021,A,2,34.007,34.3,0.29299999999999926,0.008578915777299525,ok
ZA,UNEMPLOYMENT_RATE_A,2022,A,2,33.268,33.5,0.23199999999999932,0.006949436855978892,ok
ZA,UNEMPLOYMENT_RATE_A,2023,A,2,32.098,32.375,0.277000000000001,0.008592744249530843,ok
ZA,UNEMPLOYMENT_RATE_A,2024,A,2,32.279,32.6,0.32099999999999795,0.009895343639698451,ok
ZA,UNEMPLOYMENT_RATE_A,2025,A,2,32.35,32.391,0.04099999999999682,0.0012665853168779234,ok
